{"cameraMode":{"drawMode":0,"name":"Shaded","section":"Shading Mode"},"sceneLighting":false,"audioPlay":false,"sceneViewState":{"m_AlwaysRefresh":false,"showFog":true,"showSkybox":false,"showFlares":true,"showImageEffects":true,"showParticleSystems":true,"showVisualEffectGraphs":true,"m_FxEnabled":true},"in2DMode":false,"pivot":{"x":-0.21621868014335633,"y":1.1230878829956055,"z":-0.01868152618408203},"rotation":{"x":0.041916120797395709,"y":-0.05841504782438278,"z":0.0024550806265324356,"w":0.9974128007888794},"size":1.637110710144043,"orthographic":false}